"Group","Hand_Notation","Expanded_Hands"
"1","AA","[[""Ah"", ""Ad""], [""Ah"", ""Ac""], [""Ah"", ""As""], [""Ad"", ""Ac""], [""Ad"", ""As""], [""Ac"", ""As""]]"
"1","AKs","[[""Ah"", ""Kh""], [""Ad"", ""Kd""], [""Ac"", ""Kc""], [""As"", ""Ks""]]"
"1","KK","[[""Kh"", ""Kd""], [""Kh"", ""Kc""], [""Kh"", ""Ks""], [""Kd"", ""Kc""], [""Kd"", ""Ks""], [""Kc"", ""Ks""]]"
"1","QQ","[[""Qh"", ""Qd""], [""Qh"", ""Qc""], [""Qh"", ""Qs""], [""Qd"", ""Qc""], [""Qd"", ""Qs""], [""Qc"", ""Qs""]]"
"1","JJ","[[""Jh"", ""Jd""], [""Jh"", ""Jc""], [""Jh"", ""Js""], [""Jd"", ""Jc""], [""Jd"", ""Js""], [""Jc"", ""Js""]]"
"2","AK","[[""Ah"", ""Kd""], [""Ah"", ""Kc""], [""Ah"", ""Ks""], [""Ad"", ""Kh""], [""Ad"", ""Kc""], [""Ad"", ""Ks""], [""Ac"", ""Kh""], [""Ac"", ""Kd""], [""Ac"", ""Ks""], [""As"", ""Kh""], [""As"", ""Kd""], [""As"", ""Kc""]]"
"2","AQs","[[""Ah"", ""Qh""], [""Ad"", ""Qd""], [""Ac"", ""Qc""], [""As"", ""Qs""]]"
"2","AJs","[[""Ah"", ""Jh""], [""Ad"", ""Jd""], [""Ac"", ""Jc""], [""As"", ""Js""]]"
"2","KQs","[[""Kh"", ""Qh""], [""Kd"", ""Qd""], [""Kc"", ""Qc""], [""Ks"", ""Qs""]]"
"2","TT","[[""10h"", ""10d""], [""10h"", ""10c""], [""10h"", ""10s""], [""10d"", ""10c""], [""10d"", ""10s""], [""10c"", ""10s""]]"
"3","AQ","[[""Ah"", ""Qd""], [""Ah"", ""Qc""], [""Ah"", ""Qs""], [""Ad"", ""Qh""], [""Ad"", ""Qc""], [""Ad"", ""Qs""], [""Ac"", ""Qh""], [""Ac"", ""Qd""], [""Ac"", ""Qs""], [""As"", ""Qh""], [""As"", ""Qd""], [""As"", ""Qc""]]"
"3","ATs","[[""Ah"", ""10h""], [""Ad"", ""10d""], [""Ac"", ""10c""], [""As"", ""10s""]]"
"3","KJs","[[""Kh"", ""Jh""], [""Kd"", ""Jd""], [""Kc"", ""Jc""], [""Ks"", ""Js""]]"
"3","QJs","[[""Qh"", ""Jh""], [""Qd"", ""Jd""], [""Qc"", ""Jc""], [""Qs"", ""Js""]]"
"3","JTs","[[""Jh"", ""10h""], [""Jd"", ""10d""], [""Jc"", ""10c""], [""Js"", ""10s""]]"
"3","99","[[""9h"", ""9d""], [""9h"", ""9c""], [""9h"", ""9s""], [""9d"", ""9c""], [""9d"", ""9s""], [""9c"", ""9s""]]"
"4","AJ","[[""Ah"", ""Jd""], [""Ah"", ""Jc""], [""Ah"", ""Js""], [""Ad"", ""Jh""], [""Ad"", ""Jc""], [""Ad"", ""Js""], [""Ac"", ""Jh""], [""Ac"", ""Jd""], [""Ac"", ""Js""], [""As"", ""Jh""], [""As"", ""Jd""], [""As"", ""Jc""]]"
"4","KQ","[[""Kh"", ""Qd""], [""Kh"", ""Qc""], [""Kh"", ""Qs""], [""Kd"", ""Qh""], [""Kd"", ""Qc""], [""Kd"", ""Qs""], [""Kc"", ""Qh""], [""Kc"", ""Qd""], [""Kc"", ""Qs""], [""Ks"", ""Qh""], [""Ks"", ""Qd""], [""Ks"", ""Qc""]]"
"4","KTs","[[""Kh"", ""10h""], [""Kd"", ""10d""], [""Kc"", ""10c""], [""Ks"", ""10s""]]"
"4","QTs","[[""Qh"", ""10h""], [""Qd"", ""10d""], [""Qc"", ""10c""], [""Qs"", ""10s""]]"
"4","J9s","[[""Jh"", ""9h""], [""Jd"", ""9d""], [""Jc"", ""9c""], [""Js"", ""9s""]]"
"4","T9s","[[""10h"", ""9h""], [""10d"", ""9d""], [""10c"", ""9c""], [""10s"", ""9s""]]"
"4","98s","[[""9h"", ""8h""], [""9d"", ""8d""], [""9c"", ""8c""], [""9s"", ""8s""]]"
"4","88","[[""8h"", ""8d""], [""8h"", ""8c""], [""8h"", ""8s""], [""8d"", ""8c""], [""8d"", ""8s""], [""8c"", ""8s""]]"
"5","A9s - A2s","[[""Ah"", ""2h""], [""Ad"", ""2d""], [""Ac"", ""2c""], [""As"", ""2s""], [""Ah"", ""3h""], [""Ad"", ""3d""], [""Ac"", ""3c""], [""As"", ""3s""], [""Ah"", ""4h""], [""Ad"", ""4d""], [""Ac"", ""4c""], [""As"", ""4s""], [""Ah"", ""5h""], [""Ad"", ""5d""], [""Ac"", ""5c""], [""As"", ""5s""], [""Ah"", ""6h""], [""Ad"", ""6d""], [""Ac"", ""6c""], [""As"", ""6s""], [""Ah"", ""7h""], [""Ad"", ""7d""], [""Ac"", ""7c""], [""As"", ""7s""], [""Ah"", ""8h""], [""Ad"", ""8d""], [""Ac"", ""8c""], [""As"", ""8s""], [""Ah"", ""9h""], [""Ad"", ""9d""], [""Ac"", ""9c""], [""As"", ""9s""]]"
"5","KJ","[[""Kh"", ""Jd""], [""Kh"", ""Jc""], [""Kh"", ""Js""], [""Kd"", ""Jh""], [""Kd"", ""Jc""], [""Kd"", ""Js""], [""Kc"", ""Jh""], [""Kc"", ""Jd""], [""Kc"", ""Js""], [""Ks"", ""Jh""], [""Ks"", ""Jd""], [""Ks"", ""Jc""]]"
"5","QJ","[[""Qh"", ""Jd""], [""Qh"", ""Jc""], [""Qh"", ""Js""], [""Qd"", ""Jh""], [""Qd"", ""Jc""], [""Qd"", ""Js""], [""Qc"", ""Jh""], [""Qc"", ""Jd""], [""Qc"", ""Js""], [""Qs"", ""Jh""], [""Qs"", ""Jd""], [""Qs"", ""Jc""]]"
"5","JT","[[""Jh"", ""10d""], [""Jh"", ""10c""], [""Jh"", ""10s""], [""Jd"", ""10h""], [""Jd"", ""10c""], [""Jd"", ""10s""], [""Jc"", ""10h""], [""Jc"", ""10d""], [""Jc"", ""10s""], [""Js"", ""10h""], [""Js"", ""10d""], [""Js"", ""10c""]]"
"5","Q9s","[[""Qh"", ""9h""], [""Qd"", ""9d""], [""Qc"", ""9c""], [""Qs"", ""9s""]]"
"5","T8s","[[""10h"", ""8h""], [""10d"", ""8d""], [""10c"", ""8c""], [""10s"", ""8s""]]"
"5","97s","[[""9h"", ""7h""], [""9d"", ""7d""], [""9c"", ""7c""], [""9s"", ""7s""]]"
"5","87s","[[""8h"", ""7h""], [""8d"", ""7d""], [""8c"", ""7c""], [""8s"", ""7s""]]"
"5","77","[[""7h"", ""7d""], [""7h"", ""7c""], [""7h"", ""7s""], [""7d"", ""7c""], [""7d"", ""7s""], [""7c"", ""7s""]]"
"5","76s","[[""7h"", ""6h""], [""7d"", ""6d""], [""7c"", ""6c""], [""7s"", ""6s""]]"
"5","66","[[""6h"", ""6d""], [""6h"", ""6c""], [""6h"", ""6s""], [""6d"", ""6c""], [""6d"", ""6s""], [""6c"", ""6s""]]"
"6","AT","[[""Ah"", ""10d""], [""Ah"", ""10c""], [""Ah"", ""10s""], [""Ad"", ""10h""], [""Ad"", ""10c""], [""Ad"", ""10s""], [""Ac"", ""10h""], [""Ac"", ""10d""], [""Ac"", ""10s""], [""As"", ""10h""], [""As"", ""10d""], [""As"", ""10c""]]"
"6","KT","[[""Kh"", ""10d""], [""Kh"", ""10c""], [""Kh"", ""10s""], [""Kd"", ""10h""], [""Kd"", ""10c""], [""Kd"", ""10s""], [""Kc"", ""10h""], [""Kc"", ""10d""], [""Kc"", ""10s""], [""Ks"", ""10h""], [""Ks"", ""10d""], [""Ks"", ""10c""]]"
"6","QT","[[""Qh"", ""10d""], [""Qh"", ""10c""], [""Qh"", ""10s""], [""Qd"", ""10h""], [""Qd"", ""10c""], [""Qd"", ""10s""], [""Qc"", ""10h""], [""Qc"", ""10d""], [""Qc"", ""10s""], [""Qs"", ""10h""], [""Qs"", ""10d""], [""Qs"", ""10c""]]"
"6","J8s","[[""Jh"", ""8h""], [""Jd"", ""8d""], [""Jc"", ""8c""], [""Js"", ""8s""]]"
"6","86s","[[""8h"", ""6h""], [""8d"", ""6d""], [""8c"", ""6c""], [""8s"", ""6s""]]"
"6","75s","[[""7h"", ""5h""], [""7d"", ""5d""], [""7c"", ""5c""], [""7s"", ""5s""]]"
"6","65s","[[""6h"", ""5h""], [""6d"", ""5d""], [""6c"", ""5c""], [""6s"", ""5s""]]"
"6","55","[[""5h"", ""5d""], [""5h"", ""5c""], [""5h"", ""5s""], [""5d"", ""5c""], [""5d"", ""5s""], [""5c"", ""5s""]]"
"6","54s","[[""5h"", ""4h""], [""5d"", ""4d""], [""5c"", ""4c""], [""5s"", ""4s""]]"
"7","K9s - K2s","[[""Kh"", ""2h""], [""Kd"", ""2d""], [""Kc"", ""2c""], [""Ks"", ""2s""], [""Kh"", ""3h""], [""Kd"", ""3d""], [""Kc"", ""3c""], [""Ks"", ""3s""], [""Kh"", ""4h""], [""Kd"", ""4d""], [""Kc"", ""4c""], [""Ks"", ""4s""], [""Kh"", ""5h""], [""Kd"", ""5d""], [""Kc"", ""5c""], [""Ks"", ""5s""], [""Kh"", ""6h""], [""Kd"", ""6d""], [""Kc"", ""6c""], [""Ks"", ""6s""], [""Kh"", ""7h""], [""Kd"", ""7d""], [""Kc"", ""7c""], [""Ks"", ""7s""], [""Kh"", ""8h""], [""Kd"", ""8d""], [""Kc"", ""8c""], [""Ks"", ""8s""], [""Kh"", ""9h""], [""Kd"", ""9d""], [""Kc"", ""9c""], [""Ks"", ""9s""]]"
"7","J9","[[""Jh"", ""9d""], [""Jh"", ""9c""], [""Jh"", ""9s""], [""Jd"", ""9h""], [""Jd"", ""9c""], [""Jd"", ""9s""], [""Jc"", ""9h""], [""Jc"", ""9d""], [""Jc"", ""9s""], [""Js"", ""9h""], [""Js"", ""9d""], [""Js"", ""9c""]]"
"7","T9","[[""10h"", ""9d""], [""10h"", ""9c""], [""10h"", ""9s""], [""10d"", ""9h""], [""10d"", ""9c""], [""10d"", ""9s""], [""10c"", ""9h""], [""10c"", ""9d""], [""10c"", ""9s""], [""10s"", ""9h""], [""10s"", ""9d""], [""10s"", ""9c""]]"
"7","98","[[""9h"", ""8d""], [""9h"", ""8c""], [""9h"", ""8s""], [""9d"", ""8h""], [""9d"", ""8c""], [""9d"", ""8s""], [""9c"", ""8h""], [""9c"", ""8d""], [""9c"", ""8s""], [""9s"", ""8h""], [""9s"", ""8d""], [""9s"", ""8c""]]"
"7","64s","[[""6h"", ""4h""], [""6d"", ""4d""], [""6c"", ""4c""], [""6s"", ""4s""]]"
"7","53s","[[""5h"", ""3h""], [""5d"", ""3d""], [""5c"", ""3c""], [""5s"", ""3s""]]"
"7","44","[[""4h"", ""4d""], [""4h"", ""4c""], [""4h"", ""4s""], [""4d"", ""4c""], [""4d"", ""4s""], [""4c"", ""4s""]]"
"7","43s","[[""4h"", ""3h""], [""4d"", ""3d""], [""4c"", ""3c""], [""4s"", ""3s""]]"
"7","33","[[""3h"", ""3d""], [""3h"", ""3c""], [""3h"", ""3s""], [""3d"", ""3c""], [""3d"", ""3s""], [""3c"", ""3s""]]"
"7","22","[[""2h"", ""2d""], [""2h"", ""2c""], [""2h"", ""2s""], [""2d"", ""2c""], [""2d"", ""2s""], [""2c"", ""2s""]]"
"8","A9","[[""Ah"", ""9d""], [""Ah"", ""9c""], [""Ah"", ""9s""], [""Ad"", ""9h""], [""Ad"", ""9c""], [""Ad"", ""9s""], [""Ac"", ""9h""], [""Ac"", ""9d""], [""Ac"", ""9s""], [""As"", ""9h""], [""As"", ""9d""], [""As"", ""9c""]]"
"8","K9","[[""Kh"", ""9d""], [""Kh"", ""9c""], [""Kh"", ""9s""], [""Kd"", ""9h""], [""Kd"", ""9c""], [""Kd"", ""9s""], [""Kc"", ""9h""], [""Kc"", ""9d""], [""Kc"", ""9s""], [""Ks"", ""9h""], [""Ks"", ""9d""], [""Ks"", ""9c""]]"
"8","Q9","[[""Qh"", ""9d""], [""Qh"", ""9c""], [""Qh"", ""9s""], [""Qd"", ""9h""], [""Qd"", ""9c""], [""Qd"", ""9s""], [""Qc"", ""9h""], [""Qc"", ""9d""], [""Qc"", ""9s""], [""Qs"", ""9h""], [""Qs"", ""9d""], [""Qs"", ""9c""]]"
"8","J8","[[""Jh"", ""8d""], [""Jh"", ""8c""], [""Jh"", ""8s""], [""Jd"", ""8h""], [""Jd"", ""8c""], [""Jd"", ""8s""], [""Jc"", ""8h""], [""Jc"", ""8d""], [""Jc"", ""8s""], [""Js"", ""8h""], [""Js"", ""8d""], [""Js"", ""8c""]]"
"8","J7s","[[""Jh"", ""7h""], [""Jd"", ""7d""], [""Jc"", ""7c""], [""Js"", ""7s""]]"
"8","T8","[[""10h"", ""8d""], [""10h"", ""8c""], [""10h"", ""8s""], [""10d"", ""8h""], [""10d"", ""8c""], [""10d"", ""8s""], [""10c"", ""8h""], [""10c"", ""8d""], [""10c"", ""8s""], [""10s"", ""8h""], [""10s"", ""8d""], [""10s"", ""8c""]]"
"8","96s","[[""9h"", ""6h""], [""9d"", ""6d""], [""9c"", ""6c""], [""9s"", ""6s""]]"
"8","87","[[""8h"", ""7d""], [""8h"", ""7c""], [""8h"", ""7s""], [""8d"", ""7h""], [""8d"", ""7c""], [""8d"", ""7s""], [""8c"", ""7h""], [""8c"", ""7d""], [""8c"", ""7s""], [""8s"", ""7h""], [""8s"", ""7d""], [""8s"", ""7c""]]"
"8","85s","[[""8h"", ""5h""], [""8d"", ""5d""], [""8c"", ""5c""], [""8s"", ""5s""]]"
"8","76","[[""7h"", ""6d""], [""7h"", ""6c""], [""7h"", ""6s""], [""7d"", ""6h""], [""7d"", ""6c""], [""7d"", ""6s""], [""7c"", ""6h""], [""7c"", ""6d""], [""7c"", ""6s""], [""7s"", ""6h""], [""7s"", ""6d""], [""7s"", ""6c""]]"
"8","74s","[[""7h"", ""4h""], [""7d"", ""4d""], [""7c"", ""4c""], [""7s"", ""4s""]]"
"8","65","[[""6h"", ""5d""], [""6h"", ""5c""], [""6h"", ""5s""], [""6d"", ""5h""], [""6d"", ""5c""], [""6d"", ""5s""], [""6c"", ""5h""], [""6c"", ""5d""], [""6c"", ""5s""], [""6s"", ""5h""], [""6s"", ""5d""], [""6s"", ""5c""]]"
"8","54","[[""5h"", ""4d""], [""5h"", ""4c""], [""5h"", ""4s""], [""5d"", ""4h""], [""5d"", ""4c""], [""5d"", ""4s""], [""5c"", ""4h""], [""5c"", ""4d""], [""5c"", ""4s""], [""5s"", ""4h""], [""5s"", ""4d""], [""5s"", ""4c""]]"
"8","42s","[[""4h"", ""2h""], [""4d"", ""2d""], [""4c"", ""2c""], [""4s"", ""2s""]]"
"8","32s","[[""3h"", ""2h""], [""3d"", ""2d""], [""3c"", ""2c""], [""3s"", ""2s""]]"
"9","All other hands","[]"
